<beans xmlns="http://www.springframework.org/schema/beans"
	xmlns:xsi="http://www.w3.org/2001/XMLSchema-instance"
	xmlns:context="http://www.springframework.org/schema/context"
	xsi:schemaLocation="http://www.springframework.org/schema/beans
    http://www.springframework.org/schema/beans/spring-beans-3.0.xsd
    http://www.springframework.org/schema/context
    http://www.springframework.org/schema/context/spring-context-3.0.xsd">

	<bean id="emp1" class="Employee" autowire="byType">
		<property name="empId" value="123"></property>
		<property name="empName" value="mahesh"></property>
		<property name="empSal" value="90232"></property>
		<property name="empAdd" value="banglore"></property>
		<!-- <property name="address" ref="add"></property> -->
	</bean>
	<bean id="add" class="Address">
		<property name="hno" value="1"></property>
		<property name="colony" value="rbi colony"></property>
		<property name="city" value="hyderabad"></property>
		<property name="state" value="telangana"></property>
	</bean>
</beans>

