<beans xmlns="http://www.springframework.org/schema/beans"
	xmlns:xsi="http://www.w3.org/2001/XMLSchema-instance"
	xmlns:context="http://www.springframework.org/schema/context"
	xsi:schemaLocation="http://www.springframework.org/schema/beans
    http://www.springframework.org/schema/beans/spring-beans-3.0.xsd
    http://www.springframework.org/schema/context
    http://www.springframework.org/schema/context/spring-context-3.0.xsd">
<!-- Student student=new Srudent() -->
	<bean id="emp" class="Employee">
		<constructor-arg name="empId" value="333"></constructor-arg>
		<constructor-arg name="empName" value="rajesh"></constructor-arg>
		<constructor-arg name="empSal" value="66666"></constructor-arg>
		<constructor-arg name="empAdd" value="hyderabad"></constructor-arg>
	</bean>

	<bean id="emp1" class="Employee">
		<property name="empId" value="123"></property>
		<property name="empName" value="mahesh"></property>
		<property name="empSal" value="90232"></property>
		<property name="empAdd" value="banglore"></property>
	</bean>
</beans>

